{"labels_1": ["11", "11", "9", "11", "10", "7", "13", "11", "10", "9", "11", "8", "8", "10", "13"], "labels_2": ["8", "11", "5", "11", "9", "7", "9", "7", "12", "11", "11", "11", "10", "10", "14"], "graph_2": [[0, 1], [0, 4], [0, 5], [0, 8], [0, 11], [0, 12], [0, 13], [0, 14], [1, 2], [1, 3], [1, 6], [1, 7], [1, 8], [1, 10], [1, 11], [1, 12], [1, 13], [1, 14], [2, 9], [2, 12], [2, 5], [2, 14], [3, 4], [3, 6], [3, 7], [3, 8], [3, 9], [3, 10], [3, 11], [3, 12], [3, 13], [3, 14], [4, 6], [4, 8], [4, 9], [4, 10], [4, 11], [4, 13], [4, 14], [5, 7], [5, 9], [5, 10], [5, 13], [5, 14], [6, 8], [6, 9], [6, 10], [6, 11], [6, 12], [6, 14], [7, 8], [7, 9], [7, 10], [7, 14], [8, 9], [8, 10], [8, 11], [8, 12], [8, 13], [8, 14], [9, 10], [9, 11], [9, 13], [9, 14], [10, 11], [10, 12], [10, 14], [11, 12], [11, 13], [11, 14], [12, 13], [12, 14], [13, 14]], "ged": 11, "graph_1": [[0, 1], [0, 2], [0, 3], [0, 4], [0, 6], [0, 7], [0, 8], [0, 10], [0, 12], [0, 13], [0, 14], [1, 3], [1, 4], [1, 6], [1, 7], [1, 8], [1, 9], [1, 10], [1, 11], [1, 13], [1, 14], [2, 5], [2, 6], [2, 7], [2, 9], [2, 10], [2, 11], [2, 12], [2, 14], [3, 4], [3, 5], [3, 6], [3, 7], [3, 8], [3, 9], [3, 11], [3, 13], [3, 14], [4, 5], [4, 6], [4, 8], [4, 9], [4, 10], [4, 13], [4, 14], [5, 6], [5, 7], [5, 12], [5, 13], [6, 7], [6, 8], [6, 10], [6, 11], [6, 12], [6, 13], [6, 14], [7, 8], [7, 9], [7, 10], [7, 12], [7, 14], [8, 9], [8, 10], [8, 12], [8, 14], [9, 10], [9, 11], [9, 14], [10, 11], [10, 13], [10, 14], [11, 13], [11, 14], [12, 13], [12, 14], [13, 14]]}