{"labels_1": ["6", "6", "4", "5", "6", "5", "4", "7", "4", "3", "4", "4", "6", "8"], "labels_2": ["3", "3", "4", "4", "8", "4", "2", "2", "4", "4", "4", "3", "4", "3"], "graph_2": [[0, 4], [0, 12], [0, 5], [1, 4], [1, 5], [1, 7], [2, 8], [2, 3], [2, 11], [2, 4], [3, 4], [3, 12], [3, 13], [4, 5], [4, 9], [4, 10], [4, 11], [5, 11], [6, 8], [6, 9], [7, 10], [8, 12], [8, 10], [9, 12], [9, 13], [10, 13]], "ged": 24, "graph_1": [[0, 2], [0, 4], [0, 5], [0, 7], [0, 8], [0, 12], [1, 2], [1, 3], [1, 4], [1, 5], [1, 7], [1, 13], [2, 12], [2, 6], [3, 7], [3, 11], [3, 13], [3, 9], [4, 5], [4, 7], [4, 12], [4, 13], [5, 8], [5, 7], [6, 12], [6, 10], [6, 13], [7, 11], [7, 13], [8, 10], [8, 13], [9, 11], [9, 12], [10, 11], [10, 13], [12, 13]]}