{"labels_1": ["11", "9", "4", "7", "9", "7", "8", "9", "10", "8", "6", "10", "9", "5"], "labels_2": ["5", "7", "5", "4", "4", "6", "4", "7", "5", "3", "6", "7", "5", "8"], "graph_2": [[0, 8], [0, 10], [0, 11], [0, 13], [0, 7], [1, 2], [1, 4], [1, 5], [1, 8], [1, 10], [1, 11], [1, 12], [2, 4], [2, 12], [2, 13], [2, 6], [3, 11], [3, 13], [3, 6], [3, 7], [4, 8], [4, 5], [5, 7], [5, 10], [5, 12], [5, 13], [6, 8], [6, 13], [7, 9], [7, 10], [7, 11], [7, 13], [8, 11], [9, 12], [9, 13], [10, 11], [10, 13], [11, 12]], "ged": 31, "graph_1": [[0, 1], [0, 2], [0, 3], [0, 4], [0, 5], [0, 6], [0, 7], [0, 8], [0, 9], [0, 11], [0, 12], [1, 3], [1, 4], [1, 6], [1, 8], [1, 10], [1, 11], [1, 12], [1, 13], [2, 8], [2, 11], [2, 5], [3, 4], [3, 7], [3, 9], [3, 12], [3, 13], [4, 5], [4, 6], [4, 7], [4, 10], [4, 11], [4, 12], [5, 6], [5, 7], [5, 9], [5, 12], [6, 8], [6, 9], [6, 11], [6, 13], [7, 8], [7, 9], [7, 11], [7, 12], [7, 13], [8, 9], [8, 10], [8, 11], [8, 12], [8, 13], [9, 10], [9, 11], [10, 11], [10, 12], [11, 12]]}