{"labels_1": ["7", "4", "9", "5", "6", "3", "7", "4", "4", "4", "6", "7", "4"], "labels_2": ["3", "4", "5", "7", "4", "3", "6", "3", "3", "3", "6", "5", "6"], "graph_2": [[0, 10], [0, 3], [0, 12], [1, 8], [1, 9], [1, 2], [1, 12], [2, 10], [2, 3], [2, 12], [2, 6], [3, 6], [3, 7], [3, 8], [3, 10], [3, 11], [4, 9], [4, 10], [4, 11], [4, 7], [5, 10], [5, 11], [5, 6], [6, 7], [6, 8], [6, 12], [9, 12], [10, 11], [11, 12]], "ged": 16, "graph_1": [[0, 1], [0, 3], [0, 4], [0, 6], [0, 8], [0, 10], [0, 11], [1, 2], [1, 11], [1, 6], [2, 3], [2, 5], [2, 6], [2, 8], [2, 9], [2, 10], [2, 11], [2, 12], [3, 4], [3, 12], [3, 10], [4, 6], [4, 7], [4, 9], [4, 11], [5, 12], [5, 6], [6, 10], [6, 11], [7, 12], [7, 10], [7, 11], [8, 9], [8, 11], [9, 10]]}