{"labels_1": ["7", "4", "8", "9", "7", "7", "7", "4", "7", "5", "9", "5", "9", "4"], "labels_2": ["5", "6", "6", "6", "4", "2", "8", "5", "7", "5", "5", "8", "5", "6"], "graph_2": [[0, 8], [0, 2], [0, 3], [0, 4], [0, 6], [1, 2], [1, 6], [1, 8], [1, 11], [1, 12], [1, 13], [2, 6], [2, 8], [2, 9], [2, 11], [3, 4], [3, 5], [3, 7], [3, 12], [3, 13], [4, 11], [4, 13], [5, 12], [6, 7], [6, 8], [6, 10], [6, 11], [6, 13], [7, 10], [7, 11], [7, 12], [8, 9], [8, 11], [8, 12], [9, 11], [9, 10], [9, 13], [10, 11], [10, 13]], "ged": 17, "graph_1": [[0, 3], [0, 5], [0, 6], [0, 7], [0, 8], [0, 10], [0, 12], [1, 2], [1, 12], [1, 10], [1, 6], [2, 3], [2, 4], [2, 8], [2, 9], [2, 10], [2, 12], [2, 13], [3, 4], [3, 5], [3, 6], [3, 9], [3, 10], [3, 11], [3, 12], [4, 5], [4, 8], [4, 10], [4, 11], [4, 12], [5, 6], [5, 7], [5, 9], [5, 10], [6, 8], [6, 9], [6, 12], [7, 10], [7, 12], [8, 11], [8, 12], [8, 13], [9, 10], [10, 11], [11, 13], [12, 13]]}