{"labels_1": ["8", "7", "3", "8", "8", "4", "5", "5", "5", "4", "6", "4", "9"], "labels_2": ["5", "3", "4", "7", "4", "2", "4", "5", "4", "3", "2", "2", "7"], "graph_2": [[0, 8], [0, 3], [0, 2], [0, 11], [0, 4], [1, 2], [1, 3], [1, 12], [2, 5], [2, 8], [3, 6], [3, 7], [3, 8], [3, 9], [3, 10], [4, 9], [4, 12], [4, 7], [5, 7], [6, 9], [6, 12], [6, 7], [7, 12], [8, 12], [10, 12], [11, 12]], "ged": 21, "graph_1": [[0, 2], [0, 3], [0, 4], [0, 6], [0, 9], [0, 10], [0, 11], [0, 12], [1, 3], [1, 4], [1, 7], [1, 8], [1, 9], [1, 10], [1, 12], [2, 8], [2, 12], [3, 4], [3, 5], [3, 7], [3, 8], [3, 11], [3, 12], [4, 5], [4, 8], [4, 9], [4, 10], [4, 12], [5, 10], [5, 6], [6, 10], [6, 12], [6, 7], [7, 11], [7, 12], [8, 12], [9, 11], [10, 12]]}