{"labels_1": ["9", "8", "12", "7", "8", "8", "7", "9", "9", "9", "10", "9", "7", "8"], "labels_2": ["7", "7", "5", "7", "8", "6", "6", "5", "7", "4", "7", "5", "7", "5"], "graph_2": [[0, 1], [0, 3], [0, 5], [0, 7], [0, 9], [0, 10], [0, 12], [1, 3], [1, 4], [1, 6], [1, 8], [1, 10], [1, 11], [2, 8], [2, 12], [2, 10], [2, 3], [2, 4], [3, 4], [3, 7], [3, 10], [3, 13], [4, 5], [4, 10], [4, 11], [4, 12], [4, 13], [5, 6], [5, 7], [5, 12], [5, 13], [6, 7], [6, 8], [6, 11], [6, 12], [7, 8], [8, 9], [8, 11], [8, 12], [9, 10], [9, 13], [10, 11], [12, 13]], "ged": 34, "graph_1": [[0, 2], [0, 3], [0, 4], [0, 5], [0, 6], [0, 8], [0, 9], [0, 10], [0, 11], [1, 3], [1, 4], [1, 6], [1, 7], [1, 8], [1, 9], [1, 11], [1, 13], [2, 3], [2, 4], [2, 5], [2, 6], [2, 7], [2, 8], [2, 9], [2, 10], [2, 11], [2, 12], [2, 13], [3, 7], [3, 8], [3, 10], [3, 11], [4, 5], [4, 7], [4, 8], [4, 10], [4, 13], [5, 8], [5, 9], [5, 10], [5, 12], [5, 13], [6, 8], [6, 9], [6, 10], [6, 11], [7, 8], [7, 9], [7, 10], [7, 11], [7, 12], [8, 9], [9, 12], [9, 13], [10, 11], [10, 12], [10, 13], [11, 12], [11, 13], [12, 13]]}