{"labels_1": ["3", "6", "7", "6", "6", "9", "6", "5", "6", "4", "4", "4", "5", "5"], "labels_2": ["4", "5", "4", "6", "7", "10", "7", "5", "3", "5", "3", "6", "6", "5"], "graph_2": [[0, 1], [0, 2], [0, 4], [0, 6], [1, 4], [1, 3], [1, 12], [1, 6], [2, 11], [2, 4], [2, 7], [3, 4], [3, 5], [3, 8], [3, 11], [3, 13], [4, 5], [4, 11], [4, 12], [5, 6], [5, 7], [5, 8], [5, 9], [5, 10], [5, 11], [5, 12], [5, 13], [6, 7], [6, 10], [6, 11], [6, 13], [7, 11], [7, 12], [8, 9], [9, 10], [9, 12], [9, 13], [12, 13]], "ged": 6, "graph_1": [[0, 2], [0, 5], [0, 13], [1, 2], [1, 6], [1, 8], [1, 9], [1, 10], [1, 12], [2, 3], [2, 4], [2, 5], [2, 8], [2, 10], [3, 5], [3, 6], [3, 7], [3, 8], [3, 12], [4, 5], [4, 6], [4, 9], [4, 11], [4, 13], [5, 6], [5, 7], [5, 8], [5, 11], [5, 13], [6, 11], [6, 12], [7, 8], [7, 10], [7, 12], [8, 9], [9, 13], [10, 12], [11, 13]]}