{"labels_1": ["6", "9", "6", "7", "7", "5", "8", "8", "8", "6", "5", "5", "5", "5", "6", "10"], "labels_2": ["5", "8", "5", "7", "2", "6", "6", "7", "8", "6", "8", "5", "8", "6", "5", "6"], "graph_2": [[0, 11], [0, 9], [0, 3], [0, 13], [0, 15], [1, 2], [1, 3], [1, 5], [1, 7], [1, 8], [1, 9], [1, 11], [1, 14], [2, 10], [2, 3], [2, 12], [2, 14], [3, 5], [3, 10], [3, 12], [3, 13], [4, 9], [4, 12], [5, 7], [5, 8], [5, 10], [5, 12], [6, 7], [6, 8], [6, 10], [6, 11], [6, 12], [6, 15], [7, 9], [7, 10], [7, 14], [7, 15], [8, 9], [8, 10], [8, 11], [8, 13], [8, 15], [9, 14], [10, 12], [10, 13], [11, 12], [12, 13], [13, 15], [14, 15]], "ged": 12, "graph_1": [[0, 2], [0, 3], [0, 6], [0, 8], [0, 10], [0, 12], [1, 2], [1, 4], [1, 5], [1, 6], [1, 7], [1, 9], [1, 13], [1, 14], [1, 15], [2, 7], [2, 8], [2, 9], [2, 10], [3, 4], [3, 7], [3, 11], [3, 12], [3, 13], [3, 14], [4, 5], [4, 7], [4, 8], [4, 13], [4, 15], [5, 8], [5, 10], [5, 15], [6, 7], [6, 8], [6, 9], [6, 11], [6, 14], [6, 15], [7, 8], [7, 14], [7, 15], [8, 10], [8, 14], [9, 11], [9, 12], [9, 15], [10, 15], [11, 12], [11, 13], [12, 15], [13, 15], [14, 15]]}