{"labels_1": ["5", "6", "4", "7", "4", "9", "7", "3", "4", "5", "7", "5"], "labels_2": ["6", "5", "4", "7", "4", "4", "3", "3", "4", "2", "3", "5"], "graph_2": [[0, 1], [0, 2], [0, 3], [0, 4], [0, 5], [0, 8], [1, 9], [1, 2], [1, 11], [1, 8], [2, 11], [2, 8], [3, 4], [3, 5], [3, 6], [3, 7], [3, 10], [3, 11], [4, 8], [4, 6], [5, 10], [5, 6], [7, 11], [7, 9], [10, 11]], "ged": 16, "graph_1": [[0, 8], [0, 1], [0, 2], [0, 10], [0, 5], [1, 2], [1, 5], [1, 6], [1, 10], [1, 11], [2, 3], [2, 11], [3, 4], [3, 5], [3, 6], [3, 9], [3, 10], [3, 11], [4, 10], [4, 5], [4, 6], [5, 7], [5, 8], [5, 9], [5, 10], [5, 11], [6, 8], [6, 9], [6, 10], [6, 11], [7, 9], [7, 10], [8, 9]]}