{"labels_1": ["10", "10", "6", "8", "8", "11", "3", "5", "7", "10", "6", "6", "8"], "labels_2": ["9", "6", "5", "7", "6", "10", "3", "6", "6", "8", "7", "5", "8"], "graph_2": [[0, 1], [0, 2], [0, 3], [0, 4], [0, 5], [0, 7], [0, 9], [0, 10], [0, 11], [1, 3], [1, 5], [1, 8], [1, 10], [1, 12], [2, 8], [2, 10], [2, 4], [2, 5], [3, 5], [3, 6], [3, 7], [3, 9], [3, 12], [4, 5], [4, 9], [4, 10], [4, 12], [5, 8], [5, 9], [5, 10], [5, 11], [5, 12], [6, 11], [6, 9], [7, 8], [7, 9], [7, 11], [7, 12], [8, 10], [8, 12], [9, 11], [9, 12], [10, 12]], "ged": 10, "graph_1": [[0, 1], [0, 2], [0, 3], [0, 4], [0, 5], [0, 6], [0, 7], [0, 8], [0, 9], [0, 10], [1, 2], [1, 3], [1, 4], [1, 5], [1, 6], [1, 8], [1, 9], [1, 11], [1, 12], [2, 3], [2, 5], [2, 7], [2, 8], [3, 4], [3, 5], [3, 9], [3, 11], [3, 12], [4, 5], [4, 8], [4, 9], [4, 10], [4, 12], [5, 7], [5, 8], [5, 9], [5, 10], [5, 11], [5, 12], [6, 8], [7, 9], [7, 12], [8, 9], [9, 10], [9, 11], [9, 12], [10, 11], [10, 12], [11, 12]]}