{"labels_1": ["5", "6", "3", "6", "7", "9", "4", "5", "5", "6", "8", "4"], "labels_2": ["2", "6", "4", "5", "3", "3", "4", "6", "6", "4", "8", "3"], "graph_2": [[0, 8], [0, 7], [1, 2], [1, 3], [1, 4], [1, 7], [1, 8], [1, 10], [2, 10], [2, 6], [2, 7], [3, 8], [3, 10], [3, 11], [3, 6], [4, 10], [4, 11], [5, 9], [5, 10], [5, 7], [6, 9], [6, 10], [7, 8], [7, 11], [8, 9], [8, 10], [9, 10]], "ged": 24, "graph_1": [[0, 3], [0, 1], [0, 10], [0, 11], [0, 7], [1, 3], [1, 4], [1, 5], [1, 8], [1, 10], [2, 10], [2, 4], [2, 5], [3, 6], [3, 7], [3, 9], [3, 10], [4, 5], [4, 6], [4, 8], [4, 10], [4, 11], [5, 6], [5, 7], [5, 8], [5, 9], [5, 10], [5, 11], [6, 10], [7, 8], [7, 9], [8, 9], [9, 10], [9, 11]]}