{"labels_1": ["7", "4", "3", "3", "4", "5", "6", "5", "2", "3"], "labels_2": ["4", "5", "3", "4", "4", "4", "4", "7", "3", "4"], "graph_2": [[0, 8], [0, 1], [0, 5], [0, 7], [1, 9], [1, 3], [1, 4], [1, 5], [2, 3], [2, 5], [2, 7], [3, 4], [3, 7], [4, 6], [4, 7], [5, 7], [6, 8], [6, 9], [6, 7], [7, 9], [8, 9]], "ged": 6, "graph_1": [[0, 1], [0, 2], [0, 3], [0, 4], [0, 5], [0, 7], [0, 8], [1, 9], [1, 6], [1, 7], [2, 3], [2, 6], [3, 5], [4, 5], [4, 6], [4, 7], [5, 9], [5, 6], [6, 7], [6, 8], [7, 9]]}