{"labels_1": ["8", "6", "4", "7", "2", "4", "2", "4", "4", "3", "6", "4"], "labels_2": ["5", "7", "5", "6", "5", "3", "4", "2", "6", "4", "6", "1"], "graph_2": [[0, 9], [0, 10], [0, 3], [0, 4], [0, 1], [1, 2], [1, 4], [1, 6], [1, 8], [1, 9], [1, 10], [2, 8], [2, 10], [2, 4], [2, 6], [3, 4], [3, 5], [3, 7], [3, 8], [3, 10], [4, 6], [5, 8], [5, 9], [6, 8], [7, 8], [9, 10], [10, 11]], "ged": 18, "graph_1": [[0, 2], [0, 3], [0, 4], [0, 7], [0, 8], [0, 9], [0, 10], [0, 11], [1, 3], [1, 7], [1, 8], [1, 9], [1, 10], [1, 11], [2, 8], [2, 3], [2, 5], [3, 5], [3, 8], [3, 10], [3, 11], [4, 10], [5, 11], [5, 9], [6, 10], [6, 7], [7, 10]]}